ITRP ID,Source,Source ID,Disabled,Name,Business Unit,Business Unit Organization,Region,Parent Organization,Manager,Remarks
5,,,0,Widget Data Center,1,Widget Data Center,NA,,,"Widget Data Center provides IT services to the subsidiaries of Widget International, Corp."
18,,,0,"Best IT, Inc.",0,,,,,"Sales contact: Jeff Goodmann
Email: jeff.goodmann@best-it.com
Mobile: +1 (203) 876 4332"
19,,,0,Canonical Ltd.,0,,,,,"Supplier of the Ubuntu operating system.
Download from: http://www.ubuntu.com/"
20,,,0,"Cisco Systems, Inc.",0,,,,,"Sales contact: Jack Stone
Email: jack.stone@cisco.com
Mobile: +1 (408) 544 4238"
21,,,0,"Connect IT Infrastructure, Inc.",0,,,,,"Sales contact: Hank Jaeger
Email: hjaeger@connect-it.com
Mobile: +1 (212) 559 5490"
22,,,0,"Dell, Inc.",0,,,,,"Sales contact: Sofia Lomato
Email: sofia.lomato@dell.com
Mobile: +1 (713) 928 2287"
23,,,0,"Direct Software, Inc.",0,,,,,"Sales contact: Ben Wintsum
Email: ben@direct-software.com
Mobile: +1 (212) 554 4868"
24,,,0,Hewlett-Packard Company,0,,,,,"Sales contact: Bill Freemans
Email: w.freemans@hp.com
Mobile: +1 (201) 823 9731"
25,,,0,International Business Machines Corporation (IBM),0,,,,,"Sales contact: Wendy Claymore
Email: wendy.claymore@ibm.com
Mobile: +1 (914) 771 5372"
26,,,0,"IT-Corporation, Inc.",0,,,,,"Sales contact: Steve Woodkingson
Email: s.woodkingson@it-corporation.com
Mobile: +1 (212) 717 1133"
27,,,0,Microsoft Corporation,0,,,,,"Global product licensing sales contact for Widget International, Corp.: Brian Waymore
Email: brian.waymore@microsoft.com"
28,,,0,SAP AG,0,,,,,"Sales contact: Hans Kahldorf
Email: hans.kahldorf@sap.com
Mobile: +49 (151) 5385 8365"
29,,,0,"Sun Microsystems, Inc.",0,,,,,"Supplier of the MySQL database software.
Download from: http://dev.mysql.com/downloads/"
30,,,0,The Apache Software Foundation (TASF),0,,,,,"Supplier of the Apache web server software.
Download from: http://httpd.apache.org/"
31,,,0,"Widget Data Center, External IT",0,Widget Data Center,NA,Widget Data Center,howard.tanner@widget.com,"The External IT department of Widget Data Center is responsible for the delivery and support of IT services to Widget North America, Inc. and Widget Europe, SE."
32,,,0,"Widget Data Center, Finance",0,Widget Data Center,NA,Widget Data Center,matt.leach@widget.com,"The Finance department of Widget Data Center is responsible for all purchasing, accounting, and invoicing for the Widget Data Center organization."
33,,,0,"Widget Data Center, Internal IT",0,Widget Data Center,NA,Widget Data Center,howard.tanner@widget.com,The Internal IT department of Widget Data Center is responsible for the delivery and support of workstation-related IT services to the employees and long-term contractors of the Widget Data Center organization.
