ITRP ID,Source,Source ID,Name,Weekday,From,Until
29,,,24x7 (Monday through Sunday),mon,00:00,24:00
29,,,24x7 (Monday through Sunday),tue,00:00,24:00
29,,,24x7 (Monday through Sunday),wed,00:00,24:00
29,,,24x7 (Monday through Sunday),thu,00:00,24:00
29,,,24x7 (Monday through Sunday),fri,00:00,24:00
29,,,24x7 (Monday through Sunday),sat,00:00,24:00
29,,,24x7 (Monday through Sunday),sun,00:00,24:00
30,,,24x7 except Sunday 5:00am until Noon,mon,00:00,24:00
30,,,24x7 except Sunday 5:00am until Noon,tue,00:00,24:00
30,,,24x7 except Sunday 5:00am until Noon,wed,00:00,24:00
30,,,24x7 except Sunday 5:00am until Noon,thu,00:00,24:00
30,,,24x7 except Sunday 5:00am until Noon,fri,00:00,24:00
30,,,24x7 except Sunday 5:00am until Noon,sat,00:00,24:00
30,,,24x7 except Sunday 5:00am until Noon,sun,00:00,05:00
30,,,24x7 except Sunday 5:00am until Noon,sun,12:00,24:00
31,,,24x7 except Sunday 8:00pm until Monday 5:00am,mon,05:00,24:00
31,,,24x7 except Sunday 8:00pm until Monday 5:00am,tue,00:00,24:00
31,,,24x7 except Sunday 8:00pm until Monday 5:00am,wed,00:00,24:00
31,,,24x7 except Sunday 8:00pm until Monday 5:00am,thu,00:00,24:00
31,,,24x7 except Sunday 8:00pm until Monday 5:00am,fri,00:00,24:00
31,,,24x7 except Sunday 8:00pm until Monday 5:00am,sat,00:00,24:00
31,,,24x7 except Sunday 8:00pm until Monday 5:00am,sun,00:00,20:00
32,,,24x5 (Monday through Friday),mon,00:00,24:00
32,,,24x5 (Monday through Friday),tue,00:00,24:00
32,,,24x5 (Monday through Friday),wed,00:00,24:00
32,,,24x5 (Monday through Friday),thu,00:00,24:00
32,,,24x5 (Monday through Friday),fri,00:00,24:00
33,,,24x6 (Monday through Saturday),mon,00:00,24:00
33,,,24x6 (Monday through Saturday),tue,00:00,24:00
33,,,24x6 (Monday through Saturday),wed,00:00,24:00
33,,,24x6 (Monday through Saturday),thu,00:00,24:00
33,,,24x6 (Monday through Saturday),fri,00:00,24:00
33,,,24x6 (Monday through Saturday),sat,00:00,24:00
34,,,"Monday through Friday, 7:00am until 5:00pm",mon,07:00,17:00
34,,,"Monday through Friday, 7:00am until 5:00pm",tue,07:00,17:00
34,,,"Monday through Friday, 7:00am until 5:00pm",wed,07:00,17:00
34,,,"Monday through Friday, 7:00am until 5:00pm",thu,07:00,17:00
34,,,"Monday through Friday, 7:00am until 5:00pm",fri,07:00,17:00
35,,,"Monday through Friday, 7:00am until 4:00pm",mon,07:00,16:00
35,,,"Monday through Friday, 7:00am until 4:00pm",tue,07:00,16:00
35,,,"Monday through Friday, 7:00am until 4:00pm",wed,07:00,16:00
35,,,"Monday through Friday, 7:00am until 4:00pm",thu,07:00,16:00
35,,,"Monday through Friday, 7:00am until 4:00pm",fri,07:00,16:00
36,,,"Monday through Friday, 7:00am until 3:00pm",mon,07:00,15:00
36,,,"Monday through Friday, 7:00am until 3:00pm",tue,07:00,15:00
36,,,"Monday through Friday, 7:00am until 3:00pm",wed,07:00,15:00
36,,,"Monday through Friday, 7:00am until 3:00pm",thu,07:00,15:00
36,,,"Monday through Friday, 7:00am until 3:00pm",fri,07:00,15:00
37,,,"Monday through Friday, 8:00am until 6:00pm",mon,08:00,18:00
37,,,"Monday through Friday, 8:00am until 6:00pm",tue,08:00,18:00
37,,,"Monday through Friday, 8:00am until 6:00pm",wed,08:00,18:00
37,,,"Monday through Friday, 8:00am until 6:00pm",thu,08:00,18:00
37,,,"Monday through Friday, 8:00am until 6:00pm",fri,08:00,18:00
38,,,"Monday through Friday, 8:00am until 5:00pm",mon,08:00,17:00
38,,,"Monday through Friday, 8:00am until 5:00pm",tue,08:00,17:00
38,,,"Monday through Friday, 8:00am until 5:00pm",wed,08:00,17:00
38,,,"Monday through Friday, 8:00am until 5:00pm",thu,08:00,17:00
38,,,"Monday through Friday, 8:00am until 5:00pm",fri,08:00,17:00
39,,,"Monday through Friday, 8:00am until 4:00pm",mon,08:00,16:00
39,,,"Monday through Friday, 8:00am until 4:00pm",tue,08:00,16:00
39,,,"Monday through Friday, 8:00am until 4:00pm",wed,08:00,16:00
39,,,"Monday through Friday, 8:00am until 4:00pm",thu,08:00,16:00
39,,,"Monday through Friday, 8:00am until 4:00pm",fri,08:00,16:00
40,,,"Monday through Friday, 9:00am until 7:00pm",mon,09:00,19:00
40,,,"Monday through Friday, 9:00am until 7:00pm",tue,09:00,19:00
40,,,"Monday through Friday, 9:00am until 7:00pm",wed,09:00,19:00
40,,,"Monday through Friday, 9:00am until 7:00pm",thu,09:00,19:00
40,,,"Monday through Friday, 9:00am until 7:00pm",fri,09:00,19:00
41,,,"Monday through Friday, 9:00am until 6:00pm",mon,09:00,18:00
41,,,"Monday through Friday, 9:00am until 6:00pm",tue,09:00,18:00
41,,,"Monday through Friday, 9:00am until 6:00pm",wed,09:00,18:00
41,,,"Monday through Friday, 9:00am until 6:00pm",thu,09:00,18:00
41,,,"Monday through Friday, 9:00am until 6:00pm",fri,09:00,18:00
42,,,"Monday through Friday, 9:00am until 5:00pm",mon,09:00,17:00
42,,,"Monday through Friday, 9:00am until 5:00pm",tue,09:00,17:00
42,,,"Monday through Friday, 9:00am until 5:00pm",wed,09:00,17:00
42,,,"Monday through Friday, 9:00am until 5:00pm",thu,09:00,17:00
42,,,"Monday through Friday, 9:00am until 5:00pm",fri,09:00,17:00
