Organization,Contact Protocol,Contact Label,Contact URI,Address Label,Address Address,Address City,Address State,Address Zip,Address Country,Integration
Widget Data Center,telephone,general,+1 (713) 987 2900,,,,,,,0
Widget Data Center,telephone,fax,+1 (713) 987 2901,,,,,,,0
Widget Data Center,website,general,www.widget.com,,,,,,,0
Widget Data Center,telephone,service_desk,+1 (713) 987 2991,,,,,,,0
Widget Data Center,telephone,service_desk_fax,+1 (713) 987 2992,,,,,,,0
Widget Data Center,email,service_desk,servicedesk@widget.com,,,,,,,0
Widget Data Center,website,service_desk,www.widget.com/servicedesk,,,,,,,0
Widget Data Center,,,,street,1919 Briar Oaks Lane,Houston,TX,77027,US,0
"Best IT, Inc.",telephone,general,+1 (203) 413 4880,,,,,,,0
"Best IT, Inc.",telephone,fax,+1 (203) 413 4881,,,,,,,0
"Best IT, Inc.",email,general,info@best-it.com,,,,,,,0
"Best IT, Inc.",website,general,www.best-it.com,,,,,,,0
"Best IT, Inc.",telephone,service_desk,+1 (800) 4-BEST-IT or +1 (800) 423 7848,,,,,,,0
"Best IT, Inc.",email,service_desk,helpdesk@best-it.com,,,,,,,0
"Best IT, Inc.",website,service_desk,www.support.best-it.com,,,,,,,0
"Best IT, Inc.",,,,street,18 Kings Highway North,Westport,CT,6880,US,0
Canonical Ltd.,website,general,www.ubuntu.com,,,,,,,0
"Cisco Systems, Inc.",telephone,general,+1 (408) 526 4000,,,,,,,0
"Cisco Systems, Inc.",telephone,fax,+1 (408) 526 4040,,,,,,,0
"Cisco Systems, Inc.",email,general,info@cisco.com,,,,,,,0
"Cisco Systems, Inc.",website,general,www.cisco.com,,,,,,,0
"Cisco Systems, Inc.",website,service_desk,www.support.cisco.com,,,,,,,0
"Cisco Systems, Inc.",,,,street,170 West Tasman Dr.,San Jose,CA,95134,US,0
"Connect IT Infrastructure, Inc.",telephone,general,+1 (212) 254 4140,,,,,,,0
"Connect IT Infrastructure, Inc.",telephone,fax,+1 (212) 254 4141,,,,,,,0
"Connect IT Infrastructure, Inc.",email,general,info@connect-it.com,,,,,,,0
"Connect IT Infrastructure, Inc.",website,general,www.connect-it.com,,,,,,,0
"Connect IT Infrastructure, Inc.",email,service_desk,support@connect-it.com,,,,,,,0
"Connect IT Infrastructure, Inc.",website,service_desk,www.support.connect-it.com,,,,,,,0
"Connect IT Infrastructure, Inc.",,,,street,843 Lexington Ave.,New York,NY,10021,US,0
"Dell, Inc.",telephone,general,+1 (713) 226 1200,,,,,,,0
"Dell, Inc.",telephone,fax,+1 (713) 226 1201,,,,,,,0
"Dell, Inc.",email,general,info@dell.com,,,,,,,0
"Dell, Inc.",website,general,www.dell.com,,,,,,,0
"Dell, Inc.",website,service_desk,www.support.dell.com,,,,,,,0
"Dell, Inc.",,,,street,900 Gessner Road,Houston,TX,77024,US,0
"Direct Software, Inc.",telephone,general,+1 (212) 221 1770,,,,,,,0
"Direct Software, Inc.",telephone,fax,+1 (212) 221 1777,,,,,,,0
"Direct Software, Inc.",email,general,info@direct-software.com,,,,,,,0
"Direct Software, Inc.",website,general,www.direct-software.com,,,,,,,0
"Direct Software, Inc.",email,service_desk,support@direct-software.com,,,,,,,0
"Direct Software, Inc.",website,service_desk,www.support.direct-software.com,,,,,,,0
"Direct Software, Inc.",,,,street,150 Lafayette Street,New York,NY,10013,US,0
Hewlett-Packard Company,telephone,general,+1 (650) 857 1501,,,,,,,0
Hewlett-Packard Company,telephone,fax,+1 (650) 857 5581,,,,,,,0
Hewlett-Packard Company,email,general,info@hp.com,,,,,,,0
Hewlett-Packard Company,website,general,www.hp.com,,,,,,,0
Hewlett-Packard Company,telephone,service_desk,+1 (800) 474 6836,,,,,,,0
Hewlett-Packard Company,website,service_desk,www.support.hp.com,,,,,,,0
Hewlett-Packard Company,,,,street,3000 Hanover Street,San Jose,CA,94304,US,0
International Business Machines Corporation (IBM),telephone,general,+1 (877) 426 6006,,,,,,,0
International Business Machines Corporation (IBM),telephone,fax,+1 (800) 314 1092,,,,,,,0
International Business Machines Corporation (IBM),email,general,info@ibm.com,,,,,,,0
International Business Machines Corporation (IBM),website,general,www.ibm.com,,,,,,,0
International Business Machines Corporation (IBM),telephone,service_desk,1 (877) 426 2223,,,,,,,0
International Business Machines Corporation (IBM),website,service_desk,www.support.ibm.com,,,,,,,0
International Business Machines Corporation (IBM),,,,street,590 Madison Avenue,New York,NY,10022,US,0
"IT-Corporation, Inc.",telephone,general,+1 (212) 218 1100,,,,,,,0
"IT-Corporation, Inc.",telephone,fax,+1 (212) 218 1101,,,,,,,0
"IT-Corporation, Inc.",email,general,info@it-corporation.com,,,,,,,0
"IT-Corporation, Inc.",website,general,www.it-corporation.com,,,,,,,0
"IT-Corporation, Inc.",email,service_desk,support@it-corporation.com,,,,,,,0
"IT-Corporation, Inc.",website,service_desk,www.support.it-corporation.com,,,,,,,0
"IT-Corporation, Inc.",,,,street,1240 3rd Ave,New York,NY,10021,US,0
Microsoft Corporation,telephone,general,+1 (800) Microsoft or 642-7676,,,,,,,0
Microsoft Corporation,website,general,www.microsoft.com,,,,,,,0
Microsoft Corporation,website,service_desk,www.support.microsoft.com,,,,,,,0
Microsoft Corporation,,,,street,One Microsoft Way,Redmond,WA,98052-6399,US,0
SAP AG,telephone,general,+49 (1802) 260 260,,,,,,,0
SAP AG,telephone,fax,+49 (1805) 343 430,,,,,,,0
SAP AG,email,general,info@sap.com,,,,,,,0
SAP AG,website,general,www.sap.com,,,,,,,0
SAP AG,email,service_desk,support.emea@sap.com,,,,,,,0
SAP AG,website,service_desk,www.sap.com/support,,,,,,,0
SAP AG,,,,street,Dietmar-Hopp-Allee 16,Walldorf,,D-69190,DE,0
"Sun Microsystems, Inc.",website,general,www.mysql.com,,,,,,,0
The Apache Software Foundation (TASF),website,general,www.apache.org,,,,,,,0
"Widget Data Center, External IT",telephone,general,+1 (713) 987 2910,,,,,,,0
"Widget Data Center, External IT",telephone,fax,+1 (713) 987 2911,,,,,,,0
"Widget Data Center, External IT",website,general,www.widget.com,,,,,,,0
"Widget Data Center, External IT",,,,street,1919 Briar Oaks Lane,Houston,TX,77027,US,0
"Widget Data Center, Finance",telephone,general,+1 (713) 987 2920,,,,,,,0
"Widget Data Center, Finance",telephone,fax,+1 (713) 987 2921,,,,,,,0
"Widget Data Center, Finance",website,general,www.widget.com,,,,,,,0
"Widget Data Center, Finance",,,,street,1919 Briar Oaks Lane,Houston,TX,77027,US,0
"Widget Data Center, Internal IT",telephone,general,+1 (713) 987 2930,,,,,,,0
"Widget Data Center, Internal IT",telephone,fax,+1 (713) 987 2931,,,,,,,0
"Widget Data Center, Internal IT",website,general,www.widget.com,,,,,,,0
"Widget Data Center, Internal IT",,,,street,1919 Briar Oaks Lane,Houston,TX,77027,US,0
